filename,label,sumber,split
besi/besi_20261003_222914_017.jpg,besi,foto sendiri,train
besi/besi_20261003_222912_012.jpg,besi,foto sendiri,train
besi/besi_20261003_222911_008.jpg,besi,foto sendiri,train
besi/besi_20261003_222916_024.jpg,besi,foto sendiri,train
besi/besi_20261003_222915_020.jpg,besi,foto sendiri,train
besi/besi_20261003_222910_004.jpg,besi,foto sendiri,train
besi/besi_20261003_222908_003.jpg,besi,foto sendiri,train
besi/besi_20261003_222912_010.jpg,besi,foto sendiri,train
besi/besi_20261003_222912_009.jpg,besi,foto sendiri,train
besi/besi_20261003_222913_013.jpg,besi,foto sendiri,train
besi/besi_20261003_222911_007.jpg,besi,foto sendiri,train
besi/besi_20261003_222916_023.jpg,besi,foto sendiri,train
besi/besi_20261003_222918_027.jpg,besi,foto sendiri,train
besi/besi_20261003_222915_019.jpg,besi,foto sendiri,train
besi/besi_20261003_222913_014.jpg,besi,foto sendiri,train
besi/besi_20261003_222917_025.jpg,besi,foto sendiri,train
besi/WhatsApp Image 2026-10-03 at 20.09.10 (1).jpeg,besi,foto sendiri,train
besi/besi_20261003_222912_011.jpg,besi,foto sendiri,train
besi/besi_20261003_222914_016.jpg,besi,foto sendiri,train
besi/WhatsApp Image 2026-10-03 at 20.09.10.jpeg,besi,foto sendiri,train
besi/besi_20261003_222913_015.jpg,besi,foto sendiri,train
besi/besi_20261003_222918_026.jpg,besi,foto sendiri,val
besi/besi_20261003_222904_002.jpg,besi,foto sendiri,val
besi/besi_20261003_222916_022.jpg,besi,foto sendiri,val
besi/besi_20261003_222910_005.jpg,besi,foto sendiri,val
besi/besi_20261003_222911_006.jpg,besi,foto sendiri,test
besi/besi_20261003_222915_021.jpg,besi,foto sendiri,test
besi/WhatsApp Image 2026-10-03 at 20.09.09.jpeg,besi,foto sendiri,test
besi/besi_20261003_222902_001.jpg,besi,foto sendiri,test
besi/besi_20261003_222914_018.jpg,besi,foto sendiri,test
kertas/kertas_20261003_223006_012.jpg,kertas,foto sendiri,train
kertas/kertas_20261003_223009_021.jpg,kertas,foto sendiri,train
kertas/kertas_20261003_223007_013.jpg,kertas,foto sendiri,train
kertas/kertas_20261003_223006_009.jpg,kertas,foto sendiri,train
kertas/kertas_20261003_223007_014.jpg,kertas,foto sendiri,train
kertas/kertas_20261003_223008_018.jpg,kertas,foto sendiri,train
kertas/kertas_20261003_223007_015.jpg,kertas,foto sendiri,train
kertas/kertas_20261003_223005_005.jpg,kertas,foto sendiri,train
kertas/kertas_20261003_223009_024.jpg,kertas,foto sendiri,train
kertas/kertas_20261003_223008_017.jpg,kertas,foto sendiri,train
kertas/kertas_20261003_223005_007.jpg,kertas,foto sendiri,train
kertas/kertas_20261003_223006_010.jpg,kertas,foto sendiri,train
kertas/kertas_20261003_223010_025.jpg,kertas,foto sendiri,train
kertas/WhatsApp Image 2026-10-03 at 20.09.02 (1).jpeg,kertas,foto sendiri,train
kertas/kertas_20261003_223010_027.jpg,kertas,foto sendiri,train
kertas/WhatsApp Image 2026-10-03 at 20.09.02.jpeg,kertas,foto sendiri,train
kertas/kertas_20261003_223004_001.jpg,kertas,foto sendiri,train
kertas/kertas_20261003_223008_019.jpg,kertas,foto sendiri,train
kertas/kertas_20261003_223005_004.jpg,kertas,foto sendiri,train
kertas/kertas_20261003_223004_002.jpg,kertas,foto sendiri,train
kertas/kertas_20261003_223010_026.jpg,kertas,foto sendiri,train
kertas/kertas_20261003_223006_008.jpg,kertas,foto sendiri,val
kertas/kertas_20261003_223006_011.jpg,kertas,foto sendiri,val
kertas/kertas_20261003_223008_020.jpg,kertas,foto sendiri,val
kertas/kertas_20261003_223005_003.jpg,kertas,foto sendiri,val
kertas/kertas_20261003_223009_022.jpg,kertas,foto sendiri,test
kertas/WhatsApp Image 2026-10-03 at 20.09.01.jpeg,kertas,foto sendiri,test
kertas/kertas_20261003_223009_023.jpg,kertas,foto sendiri,test
kertas/kertas_20261003_223005_006.jpg,kertas,foto sendiri,test
kertas/kertas_20261003_223008_016.jpg,kertas,foto sendiri,test
plastik/plastic_20261003_223049_014.jpg,plastik,foto sendiri,train
plastik/plastic_20261003_223049_015.jpg,plastik,foto sendiri,train
plastik/plastic_20261003_223053_025.jpg,plastik,foto sendiri,train
plastik/plastic_20261003_223051_022.jpg,plastik,foto sendiri,train
plastik/plastic_20261003_223046_001.jpg,plastik,foto sendiri,train
plastik/plastic_20261003_223050_016.jpg,plastik,foto sendiri,train
plastik/plastic_20261003_223048_009.jpg,plastik,foto sendiri,train
plastik/plastic_20261003_223050_017.jpg,plastik,foto sendiri,train
plastik/plastic_20261003_223054_028.jpg,plastik,foto sendiri,train
plastik/plastic_20261003_223054_030.jpg,plastik,foto sendiri,train
plastik/plastic_20261003_223053_026.jpg,plastik,foto sendiri,train
plastik/plastic_20261003_223047_006.jpg,plastik,foto sendiri,train
plastik/plastic_20261003_223048_011.jpg,plastik,foto sendiri,train
plastik/plastic_20261003_223050_018.jpg,plastik,foto sendiri,train
plastik/plastic_20261003_223047_005.jpg,plastik,foto sendiri,train
plastik/plastic_20261003_223048_013.jpg,plastik,foto sendiri,train
plastik/plastic_20261003_223047_004.jpg,plastik,foto sendiri,train
plastik/plastic_20261003_223054_029.jpg,plastik,foto sendiri,train
plastik/plastic_20261003_223053_024.jpg,plastik,foto sendiri,train
plastik/plastic_20261003_223048_010.jpg,plastik,foto sendiri,train
plastik/plastic_20261003_223047_008.jpg,plastik,foto sendiri,train
plastik/plastic_20261003_223047_002.jpg,plastik,foto sendiri,val
plastik/plastic_20261003_223047_003.jpg,plastik,foto sendiri,val
plastik/plastic_20261003_223053_023.jpg,plastik,foto sendiri,val
plastik/plastic_20261003_223047_007.jpg,plastik,foto sendiri,val
plastik/plastic_20261003_223050_019.jpg,plastik,foto sendiri,test
plastik/plastic_20261003_223048_012.jpg,plastik,foto sendiri,test
plastik/plastic_20261003_223051_020.jpg,plastik,foto sendiri,test
plastik/plastic_20261003_223051_021.jpg,plastik,foto sendiri,test
plastik/plastic_20261003_223053_027.jpg,plastik,foto sendiri,test
